,192.168.207.4,s,,ZSZAR0535MSHPLUME01 192.168.207.4,ios
,192.168.207.5,s,,ZSZAR0535MSHPLA4A02 192.168.207.5,ios
,192.168.207.3,s,,ZSZAR0535MSHPL03101 192.168.207.3,ios
,192.168.207.24,s,,ZSZAR0535MSHPL02801 192.168.207.24,ios
,192.168.207.25,s,,ZSZAR0535MSHPL02101 192.168.207.25,ios
,192.168.207.36,s,,ZSZAR0535MSHPL61401 192.168.207.36,ios
,192.168.207.34,s,,ZSZAR0535MSHPL01301 192.168.207.34,ios
,192.168.207.38,s,,ZSZAR0535MSHPL1B301 192.168.207.38,ios
,192.168.207.29,s,,ZSZAR0535MSHPL02601 192.168.207.29,ios
,192.168.207.30,s,,ZSZAR0535MSHPL03132 192.168.207.30,ios
,192.168.207.32,s,,ZSZAR0535MSHPL12301 192.168.207.32,ios
,192.168.207.12,s,,ZSZAR0535MSHPLA2B02 192.168.207.12,ios
,192.168.207.33,s,,ZSZAR0535MSHPL03401 192.168.207.33,ios
,192.168.207.13,s,,ZSZAR0535MSHPLA3B03 192.168.207.13,ios
,192.168.207.48,s,,ZSZAR0535MSHPL0301 192.168.207.48,ios
,192.168.207.44,s,,ZSZAR0535MSHPLS1301 192.168.207.44,ios
,192.168.207.23,s,,ZSZAR0535MSHPL04301 192.168.207.23,ios
,192.168.207.45,s,,ZSZAR0535MSHPLSS202 192.168.207.45,ios
,192.168.207.43,s,,ZSZAR0535MSHPLS1101 192.168.207.43,ios
,192.168.207.6,s,,ZSZAR0535MSHPLA3A01 192.168.207.6,ios
,192.168.207.27,s,,ZSZAR0535MSHPLA1101 192.168.207.27,ios
,192.168.207.9,s,,ZSZAR0535MSHPLA0A02 192.168.207.9,ios
,192.168.207.53,s,,ZSZAR0535MSHPL1401 192.168.207.53,ios
,192.168.207.62,s,,ZSZAR0535MSHPL04401 192.168.207.62,ios
,192.168.207.22,s,,ZSZAR0535MSHPL04101 192.168.207.22,ios
,192.168.207.28,s,,ZSZAR0535MSHPL03301 192.168.207.28,ios
,192.168.207.35,s,,ZSZAR0535MSHPL02501 192.168.207.35,ios
,192.168.207.37,s,,ZSZAR0535MSHPL01501 192.168.207.37,ios
,192.168.207.54,s,,ZSZAR0535MSHPL11301 192.168.207.54,ios
,192.168.207.10,s,,ZSZAR0535MSHPLA0B03 192.168.207.10,ios
,192.168.207.11,s,,ZSZAR0535MSHPLA1B01 192.168.207.11,ios
,192.168.207.14,s,,ZSZAR0535MSHPLA4B01 192.168.207.14,ios
